<?xml version="1.0"?>
<metadata xml:lang="es"><Esri><CreaDate>20181204</CreaDate><CreaTime>09190200</CreaTime><ArcGISFormat>1.0</ArcGISFormat><SyncOnce>TRUE</SyncOnce><ModDate>20190225</ModDate><ModTime>152640</ModTime><scaleRange><minScale>150000000</minScale><maxScale>5000</maxScale></scaleRange><ArcGISProfile>ItemDescription</ArcGISProfile></Esri><toolbox name="SetUpMatrices" alias=""><arcToolboxHelpPath>c:\program files (x86)\arcgis\desktop10.1\Help\gp</arcToolboxHelpPath><toolsets/></toolbox><dataIdInfo><idCitation><resTitle>SetUpMatrices</resTitle></idCitation><idPurp>Creates destination and resistance matrices for Connectivity Index calculation</idPurp></dataIdInfo><distInfo><distributor><distorFormat><formatName>ArcToolbox Toolbox</formatName></distorFormat></distributor></distInfo><mdHrLv><ScopeCd value="005"></ScopeCd></mdHrLv></metadata>
