<?xml version="1.0"?>
<metadata xml:lang="es"><Esri><CreaDate>20181204</CreaDate><CreaTime>09191200</CreaTime><ArcGISFormat>1.0</ArcGISFormat><SyncOnce>TRUE</SyncOnce><ModDate>20190225</ModDate><ModTime>152640</ModTime><scaleRange><minScale>150000000</minScale><maxScale>5000</maxScale></scaleRange><ArcGISProfile>ItemDescription</ArcGISProfile></Esri><tool name="Tool" displayname="SetUpMatrices" toolboxalias="" xmlns=""><arcToolboxHelpPath>c:\program files (x86)\arcgis\desktop10.5\Help\gp</arcToolboxHelpPath><parameters><param name="landscape_grid" displayname="Input Landscape Raster" type="Required" direction="Input" datatype="Raster Dataset or Raster Layer or Raster Data Layer" expression="landscape_grid"><dialogReference>&lt;DIV STYLE="text-align:Left;"&gt;&lt;DIV&gt;&lt;DIV&gt;&lt;P&gt;&lt;SPAN&gt;Natural land use &lt;/SPAN&gt;&lt;SPAN&gt;layer&lt;/SPAN&gt;&lt;/P&gt;&lt;/DIV&gt;&lt;/DIV&gt;&lt;/DIV&gt;</dialogReference></param><param name="ref_grid" displayname="Reference Raster" type="Required" direction="Input" datatype="Raster Dataset or Raster Layer or Raster Data Layer" expression="ref_grid"><dialogReference>&lt;DIV STYLE="text-align:Left;"&gt;&lt;DIV&gt;&lt;P&gt;&lt;SPAN&gt;A&lt;/SPAN&gt;&lt;SPAN&gt; grid from which cell size and window extent are read&lt;/SPAN&gt;&lt;/P&gt;&lt;/DIV&gt;&lt;/DIV&gt;</dialogReference></param><param name="agg" displayname="Aggregation number" type="Required" direction="Input" datatype="Long" expression="agg"><dialogReference>&lt;DIV STYLE="text-align:Left;"&gt;&lt;DIV&gt;&lt;P&gt;&lt;SPAN&gt;A&lt;/SPAN&gt;&lt;SPAN&gt; number used to aggregate cells&lt;/SPAN&gt;&lt;/P&gt;&lt;/DIV&gt;&lt;/DIV&gt;</dialogReference></param><param name="artificial_grid" displayname="Artificial Landscape Raster" type="Required" direction="Input" datatype="Raster Dataset or Raster Layer or Raster Data Layer" expression="artificial_grid"><dialogReference>&lt;DIV STYLE="text-align:Left;"&gt;&lt;DIV&gt;&lt;P&gt;&lt;SPAN&gt;R&lt;/SPAN&gt;&lt;SPAN&gt;eferences a grid where not-null cells are considered&lt;/SPAN&gt;&lt;/P&gt;&lt;/DIV&gt;&lt;/DIV&gt;</dialogReference></param><param name="barrier_cover" displayname="Net cover" type="Required" direction="Input" datatype="Coverage or Feature Class or Layer or Shapefile or Feature Layer" expression="barrier_cover"><dialogReference>&lt;DIV STYLE="text-align:Left;"&gt;&lt;DIV&gt;&lt;DIV&gt;&lt;P&gt;&lt;SPAN&gt;R&lt;/SPAN&gt;&lt;SPAN&gt;eferences a net cover with barrier impedances in &lt;/SPAN&gt;&lt;SPAN&gt;"&lt;/SPAN&gt;&lt;SPAN&gt;Barrier Field&lt;/SPAN&gt;&lt;SPAN&gt;"&lt;/SPAN&gt;&lt;/P&gt;&lt;/DIV&gt;&lt;/DIV&gt;&lt;/DIV&gt;</dialogReference></param><param name="barrier_item" displayname="Barriers Field" type="Required" direction="Input" datatype="String" expression="barrier_item"><dialogReference>&lt;DIV STYLE="text-align:Left;"&gt;&lt;DIV&gt;&lt;P&gt;&lt;SPAN&gt;Field of barrier layer where its impedance is identified&lt;/SPAN&gt;&lt;/P&gt;&lt;/DIV&gt;&lt;/DIV&gt;</dialogReference></param><param name="out_dir" displayname="Output directory" type="Required" direction="Input" datatype="Folder" expression="out_dir"><dialogReference>&lt;DIV STYLE="text-align:Left;"&gt;&lt;DIV&gt;&lt;P&gt;&lt;SPAN&gt;Is a directory folder where raster matrices will be placed&lt;/SPAN&gt;&lt;/P&gt;&lt;/DIV&gt;&lt;/DIV&gt;</dialogReference></param></parameters><summary>&lt;DIV STYLE="text-align:Left;"&gt;&lt;DIV&gt;&lt;DIV&gt;&lt;P&gt;&lt;SPAN STYLE="font-weight:bold;"&gt;Creates destination and resistance matrices for Connectivity Index calculation&lt;/SPAN&gt;&lt;/P&gt;&lt;P&gt;&lt;SPAN /&gt;&lt;/P&gt;&lt;P&gt;&lt;SPAN&gt;All cells with the same habitat than the origin are assigned an impedance of 1&lt;/SPAN&gt;&lt;/P&gt;&lt;P&gt;&lt;SPAN&gt;All cells with a different habitat than the origin are assigned an impedance of 2&lt;/SPAN&gt;&lt;/P&gt;&lt;P&gt;&lt;SPAN&gt;Artificial land use, having an impedance of &lt;/SPAN&gt;&lt;SPAN&gt;2*sqrt(Pi)&lt;/SPAN&gt;&lt;/P&gt;&lt;P&gt;&lt;SPAN /&gt;&lt;/P&gt;&lt;/DIV&gt;&lt;/DIV&gt;&lt;/DIV&gt;</summary></tool><dataIdInfo><idCitation><resTitle>SetUpMatrices</resTitle></idCitation><idAbs>&lt;DIV STYLE="text-align:Left;"&gt;&lt;DIV&gt;&lt;DIV&gt;&lt;P&gt;&lt;SPAN STYLE="font-weight:bold;"&gt;Creates destination and resistance matrices for Connectivity Index calculation&lt;/SPAN&gt;&lt;/P&gt;&lt;P&gt;&lt;SPAN /&gt;&lt;/P&gt;&lt;P&gt;&lt;SPAN&gt;All cells with the same habitat than the origin are assigned an impedance of 1&lt;/SPAN&gt;&lt;/P&gt;&lt;P&gt;&lt;SPAN&gt;All cells with a different habitat than the origin are assigned an impedance of 2&lt;/SPAN&gt;&lt;/P&gt;&lt;P&gt;&lt;SPAN&gt;Artificial land use, having an impedance of &lt;/SPAN&gt;&lt;SPAN&gt;2*sqrt(Pi)&lt;/SPAN&gt;&lt;/P&gt;&lt;P&gt;&lt;SPAN /&gt;&lt;/P&gt;&lt;/DIV&gt;&lt;/DIV&gt;&lt;/DIV&gt;</idAbs><idCredit>Programmed by Santiago Mancebo Quintana (AML)
Translated to Python by Ágata De Isidro Navarro</idCredit></dataIdInfo><distInfo><distributor><distorFormat><formatName>ArcToolbox Tool</formatName></distorFormat></distributor></distInfo><mdHrLv><ScopeCd value="005"/></mdHrLv></metadata>
